Product URL,Product Name,Product Price,Rating,Reviews
/Wesley-Milestone-Waterproof-Backpack-Business/dp/B084JGJ8PF/ref=sr_1_1?keywords=bags&qid=1688660926&sr=8-1,Wesley Milestone 2.0 Casual Waterproof Laptop Backpack/Office Bag/School Bag/College Bag/Business Bag/Travel Backpack (Dimensions:13x18 inches) (Compatible with 39.62cm(15.6inch laptop) 30 L (Blue & black),₹550,4.3 out of 5 stars,"11,550"
/American-Tourister-AMT-SCH-02/dp/B07CJCGM1M/ref=sr_1_2?keywords=bags&qid=1688660926&sr=8-2,American Tourister 32 Ltrs Black Casual Backpack (AMT FIZZ SCH BAG 02 - BLACK),"₹1,199",4.0 out of 5 stars,"55,188"
/Skybags-Brat-Black-Casual-Backpack/dp/B08Z1HHHTD/ref=sr_1_3?keywords=bags&qid=1688660926&sr=8-3,Skybags Brat Black 46 Cms Casual Backpack,₹599,4.1 out of 5 stars,"5,000"
/Number-Backpack-Compartment-Charging-Organizer/dp/B09VTDMRY7/ref=sr_1_4?keywords=bags&qid=1688660926&sr=8-4,"FUR JADEN Anti Theft Number Lock Backpack Bag with 15.6 Inch Laptop Compartment, USB Charging Port & Organizer Pocket for Men Women Boys Girls",₹679,4.0 out of 5 stars,"4,640"
/Wesley-Spartan-Hiking-Raincover-Organiser/dp/B098QFF5TJ/ref=sr_1_5?keywords=bags&qid=1688660926&sr=8-5,Wesley Spartan Unisex Travel Hiking Laptop Bag fits Upto 17.3 inch with Raincover and Internal Organiser Backpack Rucksack College Bag,₹749,4.1 out of 5 stars,"1,457"
/Half-Moon-Waterproof-Backpack-Students/dp/B085MHDJ93/ref=sr_1_6?keywords=bags&qid=1688660926&sr=8-6,"Half Moon 35L Water Resistant 15.6 inch Laptop Bag for Men/Backpack for Men, Navy Blue | Office Bag for Men/Office Bag for Women with Padded Laptop Compartment | Rain Cover & Reflective Strips",₹649,3.9 out of 5 stars,"16,375"
/TRUE-HUMAN-Anti-Theft-backpack-charging/dp/B09QJ7ZF2Y/ref=sr_1_7?keywords=bags&qid=1688660926&sr=8-7,"TRUE HUMAN Emperor Anti-Theft backpack With USB charging Port Laptop Bag, Office bag, college bag and anti -theft back pocket (Black)",₹689,3.8 out of 5 stars,"2,211"
/SFANE-Duffel-Shoulder-Women-Compartment/dp/B07XXFB9CZ/ref=sr_1_8?keywords=bags&qid=1688660926&sr=8-8,Sfane Polyester 23cms Duffle/Shoulder/Gym Bag for Men & Women with Separate Shoe Compartment (Grey),₹387,4.3 out of 5 stars,"7,480"
/Gear-Black-Laptop-Backpack-LBPASPIRE0104/dp/B075MK4TXP/ref=sr_1_9?keywords=bags&qid=1688660926&sr=8-9,Gear Aspire 30L Water Restant Office Laptop Bag/Backpack for Men/Women/(Black),"₹1,085",4.4 out of 5 stars,"5,779"
/Wesley-Milestone-Waterproof-Backpack-Business/dp/B085S444JV/ref=sr_1_10?keywords=bags&qid=1688660926&sr=8-10,"Wesley Milestone 2.0 Casual Waterproof Laptop Backpack/Office Bag/School Bag/College Bag/Business Bag/Travel Backpack (Dimensions:13x18 inches) (Compatible with 39.62cm(15.6inch laptop) 30 L, Charcoal black",₹550,4.3 out of 5 stars,"11,550"
/Rucksack-Travel-Backpack-Trekking-Compartment/dp/B07YDGQQN5/ref=sr_1_11?keywords=bags&qid=1688660926&sr=8-11,"Fur Jaden 55 LTR Rucksack Travel Backpack Bag for Trekking, Hiking with Shoe Compartment",₹849,4.3 out of 5 stars,"5,379"
/Half-Moon-Resistant-Backpack-Compartment/dp/B0BJ32LQ6X/ref=sr_1_12?keywords=bags&qid=1688660926&sr=8-12,Half Moon Large 37L Laptop Bag Backpack for menं Women Boys and Girls Luggage Travel Bags with 17.3 inches Laptop Compartment & Rain Cover,₹849,3.9 out of 5 stars,"3,074"
/FUR-JADEN-Leatherette-Polypropylene-DUFF05/dp/B07M9BRCQ5/ref=sr_1_13?keywords=bags&qid=1688660926&sr=8-13,Fur Jaden Brown Textured Leatherette Stylish & Spacious Weekender Duffle Bag for Travel,₹899,4.3 out of 5 stars,"6,176"
/SAFARI-Ltrs-Casual-Backpack-DAYPACKNEO15CBSEB/dp/B07Q7CNPMV/ref=sr_1_14?keywords=bags&qid=1688660926&sr=8-14,SAFARI 15 Ltrs Sea Blue Casual/School/College Backpack (DAYPACKNEO15CBSEB),₹248,4.0 out of 5 stars,"19,757"
/American-Tourister-BACKPACK-COMPARTMENT-ORGANIZER/dp/B0BTD4S4XF/ref=sr_1_15?keywords=bags&qid=1688660926&sr=8-15,"American Tourister VALEX BLACK LAPTOP BACKPACK 28 Ltrs,Volume, LAPTOP COMPARTMENT, BOTTLE POCKET, FRONT ORGANIZER","₹1,299",4.3 out of 5 stars,416
/Number-Backpack-Compartment-Charging-Organizer/dp/B09VTCNN75/ref=sr_1_16?keywords=bags&qid=1688660926&sr=8-16,"FUR JADEN Anti Theft Number Lock Backpack Bag with 15.6 Inch Laptop Compartment, USB Charging Port & Organizer Pocket for Men Women Boys Girls",₹679,4.0 out of 5 stars,"4,640"
/DZert-Panda-School-Backpacks-Cartoon/dp/B07WSBV3BN/ref=sr_1_97?keywords=bags&qid=1688660933&sr=8-97,DZert Kids School Bag Soft Plush Backpacks Cartoon Boys Girls Baby (2-5 Years),₹249,3.7 out of 5 stars,"11,874"
/STRABO-Cooper-Laptop-Bag-Capacity/dp/B0BX9SVT1D/ref=sr_1_98?keywords=bags&qid=1688660933&sr=8-98,"STRABO Cooper for Boys Girls Stylish Men and Women Casual 15"" inch 25L CANVAS Laptop BACKPACK | Office, College, Travel Bag",₹699,4.3 out of 5 stars,40
/House-Quirk-Maternity-Backpack-Elephant/dp/B07QV7SH4S/ref=sr_1_99?keywords=bags&qid=1688660933&sr=8-99,House of Quirk Baby Diaper Bag Maternity Backpack (Blue Elephant Printed),"₹1,399",4.3 out of 5 stars,"3,791"
/Skybags-Unisex-Yellow-Fabric-Backpacks/dp/B0B21XM4KX/ref=sr_1_100?keywords=bags&qid=1688660933&sr=8-100,Skybags Unisex Gucci Fabric Backpacks,₹509,4.2 out of 5 stars,247
/American-Tourister-AMT-SCH-BAG02/dp/B07CGLDV2C/ref=sr_1_101?keywords=bags&qid=1688660933&sr=8-101,American Tourister Casual Backpack,"₹1,249",4.2 out of 5 stars,"4,023"
/BP1501-15-6-inch-Gaming-Laptop-Backpack/dp/B081RLHHCY/ref=sr_1_102?keywords=bags&qid=1688660933&sr=8-102,Asus ROG BP1501 39.62 cm (15.6-inch) Gaming Laptop Backpack (Black),"₹1,499",4.3 out of 5 stars,952
/Tabelito-NEXA-Backpack-Business-Compartment/dp/B0C2D3YR7T/ref=sr_1_103?keywords=bags&qid=1688660933&sr=8-103,"Tabelito® NEXA 3O L Water Resistant Laptop/College/Office/School/Travel/Business Bag, Unisex Backpack for Men Women Fits Up to 15.6 Inch Laptop Notebook. (GREY)",₹399,4.7 out of 5 stars,59
/Wesley-Waterproof-Backpack-College-Business/dp/B08B6F3X7V/ref=sr_1_104?keywords=bags&qid=1688660933&sr=8-104,Wesley Matrix 15.6 inch 35L Casual Waterproof Laptop Backpack/Office Bag/College Bag/Business Bag/Unisex Travel Backpack (Navy Blue),₹499,4.2 out of 5 stars,761
/Gear-Superior-Casual-Backpack-BKPSPRIOR0001/dp/B08GY2ZN96/ref=sr_1_105?keywords=bags&qid=1688660933&sr=8-105,Gear Superior 16LWater Resistant School Bag//Backpack/College Bag for Men/Women - Black,₹351,3.9 out of 5 stars,300
/Arctic-Fox-Backpack-Charging-Laptop/dp/B089QB6D7B/ref=sr_1_106_mod_primary_new?keywords=bags&qid=1688660933&sbo=RZvfv%2F%2FHxDF%2BO5021pAnSA%3D%3D&sr=8-106,Arctic Fox Slope Anti Theft 23 L Backpack with USB Charging Port 15 Inch Laptop Backpack (Marble Black),"₹1,445",4.5 out of 5 stars,"3,957"
/Martucci-Laptop-Backpack-College-Reflective/dp/B0B7DT6HY3/ref=sr_1_107?keywords=bags&qid=1688660933&sr=8-107,Martucci Large 35 L Backpack Spacy Unisex/College/School/Travel Backpack with Rain Cover and Reflective Strip,₹746,4.0 out of 5 stars,"1,196"
/Genie-Miami-litres-Casual-Backpack/dp/B07SRGGGNC/ref=sr_1_108?keywords=bags&qid=1688660933&sr=8-108,"Genie Miami Laptop Backpack for Women, 16 inches Office Bag, Sky Blue Stylish and Trendy Bag for Office and College",₹799,4.2 out of 5 stars,"1,436"
/DIVULGE-Drawstring-Bag-Sports-Utility/dp/B07PXTDBH4/ref=sr_1_109?keywords=bags&qid=1688660933&sr=8-109,"DIVULGE Multi Utility Drawstring Bag (Black , 16 L)",₹155,4.0 out of 5 stars,"1,127"
/Auxter-Premium-Sports-Compartment-Black-Green/dp/B08XWBDGMB/ref=sr_1_110?keywords=bags&qid=1688660933&sr=8-110,AUXTER Premium Sports Gym Duflle Bag with Shoe Compartment for Men and Women,₹484,4.3 out of 5 stars,"1,265"
/American-Tourister-FS0-11-001/dp/B07S13P8BW/ref=sr_1_111?keywords=bags&qid=1688660933&sr=8-111,American Tourister Spin 49 cms Teal Laptop Backpack,"₹1,699",4.0 out of 5 stars,"1,477"
/Storite-Cross-Travel-Dark-Grey/dp/B07PFF4RYC/ref=sr_1_112?keywords=bags&qid=1688660933&sr=8-112,Storite Stylish Padded Small Nylon Sling Cross Body Travel Office Business Messenger One Side Shoulder Bag for Men Women (25x16x7.5cm) (Dark Grey),₹395,4.1 out of 5 stars,"8,498"
/AUXTER-BLACKY-Duffel-Emboss-Black/dp/B07F2H25NP/ref=sr_1_113?keywords=bags&qid=1688660935&sr=8-113,AUXTER Faux Leather 23 Cms Duffle Bag(AUX_GB_LE_Black -SE__0521_Black),₹429,4.3 out of 5 stars,"9,206"
/Lunars-Router-Resistant-Raincover-Organiser/dp/B08YR63B9M/ref=sr_1_114?keywords=bags&qid=1688660935&sr=8-114,"Lunar's 35 L Laptop Office/School/Travel/Business Backpack Water Proof - Fits Up to 15.6 Inch Laptop Notebook, With Raincover, Inside Organiser and 1 Year Warranty (All)",₹849,3.8 out of 5 stars,"1,116"
/FATMUG-Foldable-Luggage-Packing-Storage/dp/B07YFNXC3H/ref=sr_1_115?keywords=bags&qid=1688660935&sr=8-115,"FATMUG Polyester Foldable Duffle Travel Bag Luggage For Travel, Packing And Storage - Men And Women - (60 L, Black)","₹1,099",4.2 out of 5 stars,"1,373"
/SKYTONE-Cosmetic-Bag-Cosmetics-Organizer/dp/B0BV358QKF/ref=sr_1_116?keywords=bags&qid=1688660935&sr=8-116,"SKYTONE 12cms Large Capacity Cosmetic Travel Bag, Women's Makeup Travel Bag Portable Leather Cosmetics Bag, Makeup Storage Bags with Handle and Divider, Wide Opening Cosmetic/Makeup Organizer (L_Pink)",₹749,4.0 out of 5 stars,212
/Half-Moon-Resistant-Backpack-Compartment/dp/B0BHX7GY16/ref=sr_1_117?keywords=bags&qid=1688660935&sr=8-117,Half Moon Large 37L Laptop Bag Backpack for menं Women Boys and Girls Luggage Travel Bags with 17.3 inches Laptop Compartment & Rain Cover,₹849,3.9 out of 5 stars,"3,074"
/Resistant-Photography-Accessories-Compatible-Panasonic/dp/B0BRJLWQ6R/ref=sr_1_118?keywords=bags&qid=1688660935&sr=8-118,"DYAZO Water Resistant Camera Bag/Case Shoulder Strap Space for Photography Lens and Accessories Compatible for Nikon, Canon, Sony, Panasonic, Samsung & Other SLR/DSLR etc (Black & Silver)",₹805,4.4 out of 5 stars,306
/Half-Moon-Trekking-Bags-Compartment/dp/B08PSX1LN9/ref=sr_1_119?keywords=bags&qid=1688660935&sr=8-119,Half Moon 45L Hammer Waterproof Laptop Travelling Rucksack Trekking Backpack for Travel Journey bags for Men Women Boys & Girls with 17.3inch Laptop Compartment & Rain cover,"₹1,399",4.1 out of 5 stars,"1,323"
/Skybags-Unisex-Blith-Jacquard-Backpacks/dp/B0B21Z3DBD/ref=sr_1_120?keywords=bags&qid=1688660935&sr=8-120,Skybags 22 ltrs (16 Cms) backpack(BPFLE22EBTH_Blith),₹904,4.1 out of 5 stars,29
/ADISA-Laptop-Backpack-College-z-Black/dp/B09TPY1G1W/ref=sr_1_121?keywords=bags&qid=1688660935&sr=8-121,ADISA 15.6 inch Laptop Backpack Office Bag College Travel Back Pack 32 Ltrs (z-Black),₹499,3.9 out of 5 stars,959
/Baggit-Womens-Sling-Bag-Yellow/dp/B0C1NZ1PW7/ref=sr_1_122?keywords=bags&qid=1688660935&sr=8-122,Baggit Women's Sling Bag - Small,₹689,4.3 out of 5 stars,"2,590"
/American-Tourister-Polyester-Compartment-Backpack/dp/B0BWFFFT5H/ref=sr_1_123?keywords=bags&qid=1688660935&sr=8-123,"American Tourister Sest+ Polyester 2 Compartment Unisex Backpack (Grey,Frsz)","₹1,672",4.0 out of 5 stars,39
/Storage-Disposable-Freezer-Feeding-Transparent/dp/B099ZZ57FT/ref=sr_1_124?keywords=bags&qid=1688660935&sr=8-124,"Luv Lap LuvLap Baby Breast Milk Storage Bags (Pack of 25), BPA Free Disposable Milk Freezer Bags for Breast Feeding, Transparent",₹337,4.4 out of 5 stars,693
/Half-Moon-Travelling-Rucksack-Compartment/dp/B09WDGZ32L/ref=sr_1_125?keywords=bags&qid=1688660935&sr=8-125,Half Moon 55 litres Travelling Laptop Bag/Rucksack Backpack for Luggage Travel Journey Trekking Hiking Bags for Men Women Boys and Girls with Laptop Compartment & Rain Cover,₹979,4.0 out of 5 stars,519
/COSMUS-Polyester-Navy-Laptop-Backpack/dp/B01FVQLLU0/ref=sr_1_126?keywords=bags&qid=1688660935&sr=8-126,COSMUS Darwin Navy Blue Laptop Backpack for (15.6 inch),"₹1,333",4.3 out of 5 stars,"10,019"
/Sfane-Women-Trendy-Black-Duffel/dp/B07GCR84D9/ref=sr_1_127?keywords=bags&qid=1688660935&sr=8-127,"Sfane Polyester 9.05 Black Men & Women Trendy Black Sports Duffle Gym Bag, Shoulder Bag",₹327,4.2 out of 5 stars,"1,213"
/MOKOBARA-Transit-Backpack-Laptop-Crypto/dp/B0B6CM781M/ref=sr_1_128?keywords=bags&qid=1688660935&sr=8-128,MOKOBARA The Transit Backpack Laptop Bag for Men and Women,"₹5,999",4.5 out of 5 stars,675
/Hilfiger-Joshua-Backpack-TH-JOSHUALAP07/dp/B07N8G742J/ref=sr_1_225?keywords=bags&qid=1688660944&sr=8-225,Tommy Hilfiger Joshua 15 inch 21 Ltrs Light Grey Laptop Backpack,"₹1,920",4.3 out of 5 stars,82
/Fostelo-Style-Diva-Womens-Handbag/dp/B00Z0NMFKU/ref=sr_1_226?keywords=bags&qid=1688660944&sr=8-226,Fostelo Style Diva Women Handbags | Shoulder Bags |Bags For Women | Ladies Bags |Hobo Bags |Ladies Purse,₹555,3.9 out of 5 stars,"9,109"
/MOKOBARA-Transit-Backpack-Laptop-Crypto/dp/B0B6CM781M/ref=sr_1_227?keywords=bags&qid=1688660944&sr=8-227,MOKOBARA The Transit Backpack Laptop Bag for Men and Women,"₹5,999",4.5 out of 5 stars,675
/Lunars-Comet-Resistant-Casual-Backpack/dp/B06ZY6FKGB/ref=sr_1_228?keywords=bags&qid=1688660944&sr=8-228,Lunar's Comet 35L Water Resistant Travel Bagpack/College Backpack/School Bag/Office Bag/Business Backpack/Daypack for Men and Women with 1 Year Warranty,₹799,4.0 out of 5 stars,"13,467"
/Gear-DOUBLE-DECKER-Resistant-Backpack/dp/B0BTJ3WTMV/ref=sr_1_229?keywords=bags&qid=1688660944&sr=8-229,Gear DOUBLE DECKER 31L Water Resistant Laptop Bag/Backpack/Office Bag for Men/Women (Black),"₹1,359",4.0 out of 5 stars,18
/COSMUS-Multipurpose-Backpack-Bag-compartment/dp/B078JVT384/ref=sr_1_230?keywords=bags&qid=1688660944&sr=8-230,"COSMUS Madison waterproof Multipurpose Backpack With laptop compartment , 33L","₹1,375",4.2 out of 5 stars,"2,266"
/Fur-Jaden-Charging-Waterproof-BM36_BlackBlue/dp/B07MXL9KYG/ref=sr_1_231?keywords=bags&qid=1688660944&sr=8-231,"FUR JADEN 15.6 Inch Laptop Backpack 25 LTR Bag for School, College and Office with USB Charging Port Unisex Backpack",₹499,3.9 out of 5 stars,"10,260"
/ROMOFY-Gorgeous-attractive-trendy-crossbody/dp/B0BW9BKHJZ/ref=sr_1_232?keywords=bags&qid=1688660944&sr=8-232,ROMOFY PU Gorgeous attractive trendy ladies crossbody women sling bag,₹199,3.3 out of 5 stars,37
/Fast-Travel-partition-Collage-Backpack/dp/B09XLKF4W4/ref=sr_1_233?keywords=bags&qid=1688660944&sr=8-233,Fast Travel School Bag Class 5-7 Large 3 partition 35 L Laptop Collage Office Travel Backpack Unisex (Red White),₹563,4.1 out of 5 stars,"1,096"
/Genie-compartments-Resistant-Lightweight-Travelling/dp/B097QNFRKQ/ref=sr_1_234?keywords=bags&qid=1688660944&sr=8-234,"Genie Taylor Laptop Backpack for Women, 3 compartments, Stylish and Trendy College Bags for Girls, Water Resistant and Lightweight Bags for Office and Travelling Purpose. 36 litres","₹1,849",5.0 out of 5 stars,2
/Polyester-Crossbody-Messenger-Business-Spacious/dp/B09TL193PL/ref=sr_1_235?keywords=bags&qid=1688660944&sr=8-235,CRALOFT Polyester 11.5 inch Side Bag For Men/Sling Bag/Crossbody Tablet Messenger Bag For Office Business Travel (Extra Spacious),₹569,4.3 out of 5 stars,438
/Mi-Business-Casual-Resistant-Backpack/dp/B07YY6PTMN/ref=sr_1_236?keywords=bags&qid=1688660944&sr=8-236,MI Business Casual 21L Water Resistant Laptop Backpack,₹949,4.4 out of 5 stars,"4,484"
/Gear-Classic-Leather-Backpack-LBPCLSLTH0101/dp/B07G4D13LB/ref=sr_1_237?keywords=bags&qid=1688660944&sr=8-237,Gear Classic 20L Faux Leather Water Resistant Anti Theft Laptop Bag/Backpack for Men/Women-Black,₹981,4.4 out of 5 stars,"2,696"
/BEAUTY-GIRLS-1531-Pink-Waterproof-Backpack/dp/B08YR3JJ64/ref=sr_1_238?keywords=bags&qid=1688660944&sr=8-238,"BEAUTY GIRLS 1531 Polyester Waterproof 30 L Floral Printed School, College Tuition Laptop Backpack Bag for Girls & Women",₹849,4.2 out of 5 stars,"1,524"
/Wooum-Travel-Business-Messenger-Shoulder/dp/B09MWGV9PR/ref=sr_1_239?keywords=bags&qid=1688660944&sr=8-239,Wooum Sling Cross Body Travel Office Business Messenger One Side Shoulder Pouch Bag Money Bag for Men and Women,₹349,4.2 out of 5 stars,635
/American-Tourister-LAPTOP-BACKPACK-POLYESTER/dp/B0BLCC945Z/ref=sr_1_240?keywords=bags&qid=1688660944&sr=8-240,American Tourister SPIN LAPTOP BACKPACK 28L POLYESTER TEAL,"₹1,399",4.1 out of 5 stars,35
/Blowzy-Bags-Leather-Shoulder-Messenger/dp/B08M13SJZ5/ref=sr_1_241?keywords=bags&qid=1688660946&sr=8-241,"Blowzy Bags Men's & Women's PU Leather Shoulder Messenger Laptop Sling Bag (Tan, 15.6 inch)",₹599,3.8 out of 5 stars,401
/b4bags-Womens-Denim-Small-Mobile/dp/B07P2JWCZX/ref=sr_1_242?keywords=bags&qid=1688660946&sr=8-242,b4bags Girl's Sling Bag,₹449,4.2 out of 5 stars,"1,122"
/Travalate-Luggage-Organizer-Ultra-Light-Polyester/dp/B0BZDLS9VW/ref=sr_1_243?keywords=bags&qid=1688660946&sr=8-243,Travalate Travel Duffle Luggage Bag Organizer | Multi Pocket Ultra-Light| Polyester 45 Lt| Men and Women | 21 X 09 X 11 Inch | Grey,₹948,4.2 out of 5 stars,25
/Tabelito-NEXA-Backpack-Business-Compartment/dp/B0C2D4KWQ6/ref=sr_1_244?keywords=bags&qid=1688660946&sr=8-244,"Tabelito® NEXA 3O L Water Resistant Laptop/College/Office/School/Travel/Business Bag, Unisex Backpack for Men Women Fits Up to 15.6 Inch Laptop Notebook. (GREY)",₹399,4.7 out of 5 stars,59
/Hammonds-Flycatcher-Leather-Messenger-LB190BRN/dp/B083M1QK32/ref=sr_1_245?keywords=bags&qid=1688660946&sr=8-245,HAMMONDS FLYCATCHER Laptop Bag for Men - Genuine Leather Messenger Shoulder Bag - Fits 14/15.6/16 Inch Laptops - Brown Office Bag - Multiple Pockets -Water Resistant -Executive Bag for Work and Travel,"₹5,255",4.4 out of 5 stars,566
/Shoulder-Lightweight-Duffle-Weekend-Blue-Orange/dp/B09139DYF1/ref=sr_1_246?keywords=bags&qid=1688660946&sr=8-246,"Aurion Vista Polyester Sports Gym Duffle Bag with Wet Pocket and Shoe Compartment - 1Pc (Blue, 24 Cms) | Lightweight Duffle Bags | Travel Duffel Backpack for Men and Women | Camping | Swimming | Yoga",₹349,4.0 out of 5 stars,"1,073"
/FunBlast-Bunny-Sling-Bag-Mirror/dp/B0BQWCP97K/ref=sr_1_247?keywords=bags&qid=1688660946&sr=8-247,"FunBlast Bunny Sling Bag with Key Ring, Comb and Mirror – silicone Mini Bag for Girls, Fancy Bag for Girls, Purse, Stylish Cross Body Bag with Adjustable Strap, Korean Bag for Girls",₹799,4.1 out of 5 stars,8
/GoTrippin-Camping-Outdoors-Polyester-Adjustable/dp/B088LHS5LP/ref=sr_1_248?keywords=bags&qid=1688660946&sr=8-248,"GoTrippin Waist Bags for Men Women- Premium Stitching, Branded Zippers, Waterproof pocket, RFID safe- Large Fanny pack for Hiking Travel Camping Running Sports Outdoors, Money Belt with Adjustable Strap (Polyester,Black)",₹999,4.5 out of 5 stars,"2,125"
/F-Gear-Burner-Casual-Laptop-Backpack/dp/B016115VXW/ref=sr_1_249?keywords=bags&qid=1688660946&sr=8-249,F Gear Burner P8 19 Ltrs White Casual Laptop Backpack,₹637.97,4.3 out of 5 stars,"3,983"
/Hammonds-Flycatcher-Genuine-Leather-Messenger/dp/B08BZHFL77/ref=sr_1_250?keywords=bags&qid=1688660946&sr=8-250,"HAMMONDS FLYCATCHER Genuine Leather Laptop Bag for Men - Office Bag, Brushwood - Fits Up to 16 Inch Laptop/MacBook - Shoulder Straps - Laptop Messenger Bag","₹3,314",4.4 out of 5 stars,172
/Skybags-Cardiff-Polyester-Travel-DFCAR55RED/dp/B073JSGN6G/ref=sr_1_251?keywords=bags&qid=1688660946&sr=8-251,Skybags Cardiff Polyester 55 Cms Travel Duffle Bag (Red),₹849,4.2 out of 5 stars,"9,656"
/TRUE-Anti-Theft-backpack-charging-Epower_B/dp/B0BYBDX8VP/ref=sr_1_252?keywords=bags&qid=1688660946&sr=8-252,"TRUE HUMAN® Emperor Anti-Theft Pocket backpack With USB charging Port Laptop,office,college,travel bag for men and women(Epower)",₹649,3.6 out of 5 stars,133
/Safari-Overnighter-Resistant-Travelling-All-Purpose/dp/B097JM98M1/ref=sr_1_253?keywords=bags&qid=1688660946&sr=8-253,"Safari Seek 32 Ltrs Overnighter Travel Laptop Backpack (Blue), Water Resistant Spacious Bag for Travelling and Camping, All-Purpose Bag for Business & Leisure","₹1,899",4.3 out of 5 stars,148
/Fostelo-Womens-Everly-Handbag-Maroon/dp/B083ZVGBZF/ref=sr_1_254?keywords=bags&qid=1688660946&sr=8-254,Fostelo Everly Women Handbags | Shoulder Bags |Bags For Women | Ladies Bags |Hobo Bags |Ladies Purse,₹555,3.9 out of 5 stars,405
/Gear-Superior-Backpack-Orange-Black-BKPSPRIOR0601/dp/B08D76PV8B/ref=sr_1_255?keywords=bags&qid=1688660946&sr=8-255,Gear Superior 16L Water Resistant School Bag//Backpack/College Bag for Men/Women - Orange Black,₹341,3.9 out of 5 stars,"1,783"
/Aysis-Leather-Purses-Handbags-Tassel/dp/B0B5ZNT6LT/ref=sr_1_256?keywords=bags&qid=1688660946&sr=8-256,AYSIS Hobo Bags for Women Faux Leather Purses and Handbags Large Hobo Purse with Tassel,"₹1,272",3.9 out of 5 stars,386
/Polyester-Crossbody-Messenger-Business-Spacious/dp/B09TL193PL/ref=sr_1_273?keywords=bags&qid=1688660951&sr=8-273,CRALOFT Polyester 11.5 inch Side Bag For Men/Sling Bag/Crossbody Tablet Messenger Bag For Office Business Travel (Extra Spacious),₹569,4.3 out of 5 stars,438
/Skybags-Ltrs-Casual-Backpack-BPNNE18HBLU/dp/B08QGPK772/ref=sr_1_274?keywords=bags&qid=1688660951&sr=8-274,Skybags 32 Ltrs Blue Casual Backpack (BPNNE18HBLU),"₹1,299",4.1 out of 5 stars,516
/Genie-compartments-Resistant-Lightweight-Travelling/dp/B097QNFRKQ/ref=sr_1_275?keywords=bags&qid=1688660951&sr=8-275,"Genie Taylor Laptop Backpack for Women, 3 compartments, Stylish and Trendy College Bags for Girls, Water Resistant and Lightweight Bags for Office and Travelling Purpose. 36 litres","₹1,849",5.0 out of 5 stars,2
/NETTIE-Cotton-Carry-Strap-Drawstring/dp/B08LBT1R9J/ref=sr_1_276?keywords=bags&qid=1688660951&sr=8-276,NETTIE Cotton Carry Bag with Strap and Drawstring for Yoga Mat- Big Size,₹198,4.1 out of 5 stars,"1,120"
/Puma-Unisex-Adult-Backpack-Black-Love-7804612/dp/B0B34CKTJV/ref=sr_1_277?keywords=bags&qid=1688660951&sr=8-277,"Puma Unisex-Adult Phase AOP Backpack, Black-Love is Love, X (7804612)",₹999,4.5 out of 5 stars,2
/Mi-Business-Casual-Resistant-Backpack/dp/B07YY6PTMN/ref=sr_1_278?keywords=bags&qid=1688660951&sr=8-278,MI Business Casual 21L Water Resistant Laptop Backpack,₹949,4.4 out of 5 stars,"4,484"
/MosQuick%C2%AE-Drawstring-Organizing-Stationery-multipurpose/dp/B09SB42QFQ/ref=sr_1_279?keywords=bags&qid=1688660951&sr=8-279,"MosQuick® Clear large Drawstring Bags Clear Plastic Travel Bags, Travel Garments Organizing Storage Plastic Bags ,Shoe bags , Stationery Bag,multipurpose bag - Translucent",₹310,4.2 out of 5 stars,63
/Duffel-Bag-Travelling-Lightweight-Waterproof/dp/B0BZT17QBL/ref=sr_1_280?keywords=bags&qid=1688660951&sr=8-280,KDR Duffel Bag for Travel | Packing Bags for Travelling | Large Capacity Folding Lightweight | Waterproof Carry Luggage Bag (Mint Green),₹149,2.8 out of 5 stars,11
/American-Tourister-LAPTOP-BACKPACK-POLYESTER/dp/B0BLCC945Z/ref=sr_1_281?keywords=bags&qid=1688660951&sr=8-281,American Tourister SPIN LAPTOP BACKPACK 28L POLYESTER TEAL,"₹1,399",4.1 out of 5 stars,35
/DZert-Rumble-School-Backpacks-Cartoon/dp/B0994PHBSL/ref=sr_1_282?keywords=bags&qid=1688660951&sr=8-282,DZert Kids School Bag Soft Plush Backpacks Cartoon Boys Girls Baby (2-5 Years),₹249,3.7 out of 5 stars,"11,874"
/Jaden-Black-Theft-Waterproof-Backpack/dp/B07B1TFJ7M/ref=sr_1_283?keywords=bags&qid=1688660951&sr=8-283,FUR JADEN 15.6 Anti Theft Laptop Backpack with USB Charging Port Unisex Bag for College Office Suitable for Men Women,₹749,4.0 out of 5 stars,"6,104"
/Aristocrat-Unisex-Oxford-Fabric-28-82L/dp/B09ZV86P4S/ref=sr_1_284?keywords=bags&qid=1688660951&sr=8-284,Aristocrat Unisex Black Oxford Fabric 28.82L Laptop Bags One Size,₹629,3.4 out of 5 stars,60
/Motherly-Diaper-Bags-Travel-Basic/dp/B07PKQ3WJZ/ref=sr_1_285?keywords=bags&qid=1688660951&sr=8-285,motherly Diaper Bags for Mom Travel Basic Edition (Navy Blue),"₹1,449",4.5 out of 5 stars,"2,538"
/Nivia-5183NB-Gym-Navy-Blue/dp/B07NJGW3WX/ref=sr_1_286?keywords=bags&qid=1688660951&sr=8-286,NIVIA Beast Gym Bag-4 Polyester/Unisex Gym Bags/Shoulder Bag for Men & Women with Separate Shoes Compartment/Carry Gym Accessories/Fitness Bag/Sports & Travel Bag/Sports Kit (Navy Blue),₹523,3.8 out of 5 stars,105
/DZert-Panda-School-Backpacks-Cartoon/dp/B08M6H677Y/ref=sr_1_287?keywords=bags&qid=1688660951&sr=8-287,DZert Kids School Bag Soft Plush Backpacks Cartoon Boys Girls Baby (2-5 Years),₹249,3.7 out of 5 stars,"11,874"
/Half-Moon-Waterproof-Backpack-Students/dp/B0BQFVH29F/ref=sr_1_288?keywords=bags&qid=1688660951&sr=8-288,Half Moon 35 L Casual Waterproof Laptop Bag/Backpack for Men Women Boys Girls/Office School College Teens & Students with Rain Cover (18 Inch) (Sky Blue),₹699,3.6 out of 5 stars,75
